{"cameraMode":{"drawMode":0,"name":"Shaded","section":"Shading Mode"},"sceneLighting":true,"audioPlay":false,"sceneViewState":{"showFog":true,"showMaterialUpdate":false,"showSkybox":true,"showFlares":true,"showImageEffects":true,"showParticleSystems":true},"in2DMode":false,"pivot":{"x":-13.606184005737305,"y":1.3200221061706544,"z":64.87191772460938},"rotation":{"x":-0.01078751403838396,"y":-0.9856702089309692,"z":0.153509721159935,"w":-0.06931290775537491},"size":10.0,"orthographic":false}